Residue,Contact Frequency
VAL 86,278.478260869565
LEU 89,324.760869565217
PHE 106,341.034161490683
VAL 107,288.223602484472
ASP 110,205.018633540373
VAL 111,281.006211180124
CYS 114,178
THR 115,285.111801242236
ILE 183,314.875776397516
VAL 189,299.431677018634
SER 192,202.574534161491
SER 193,203.652173913043
SER 196,196.136645962733
TRP 342,386.695652173913
PHE 345,315.695652173913
PHE 346,320.77950310559
HSE 349,280.767080745342
THR 369,221.437888198758
TYR 373,317.226708074534
