Residue,Contact Frequency
VAL 86,282.2345679012346
ASP 110,209.0648148148148
VAL 111,272.7037037037037
CYS 114,171.76543209876544
ILE 183,262.43518518518516
VAL 189,282.8117283950617
SER 192,198.62037037037038
SER 193,213.64814814814815
SER 196,202.77777777777777
TRP 342,369.2345679012346
PHE 345,286.55555555555554
PHE 346,341.66358024691357
VAL 350,272.3487654320988
TYR 365,294.51851851851853
THR 369,219.16975308641975
TYR 373,310.59567901234567
