Residue,Contact Frequency
LEU 89,313.4627329192547
PHE 106,331.4378881987578
VAL 107,286.1521739130435
ASP 110,195.25465838509317
VAL 111,283.17080745341616
ILE 183,295.27950310559004
VAL 189,264.64906832298135
SER 192,205.92857142857142
SER 193,193.01242236024845
PHE 345,312.3478260869565
PHE 346,319.81366459627327
VAL 350,236.55900621118013
TYR 365,294.7360248447205
THR 369,226.48447204968943
TYR 373,311.85714285714283
